source,target
catoinstitute,economicinnovationgroup
centerforanewamericansecurity,gatestoneinstitute
nber,americanenterpriseinstitute
opensocietyfoundations,humanrightswatch
atlanticcouncil,fpri
middleeastinstitute,washingtoninstitute
hudsoninstitute,economicpolicyinstitute
washingtoninstitute,csis
piie,worldresourcesinstitute
mercatus,americanactionforum
paulsoninstitute,carnegieendowment
knightfoundation,aspeninstitute
ecotrust,friendsoftheearthus
nber,ips
pacificinstitut,economicpolicyinstitute
csis,datainnovation
aclu,urbaninstitute
hooverinstitution,americanactionforum
economicpolicyinstitute,pacificresearchinstitute
opensocietyfoundations,constitutionproject
hewlett,randcorporation
americanenterpriseinstitute,economicinnovationgroup
hudsoninstitute,milkeninstitute
csis,atlanticcouncil
brookings,rockymountaininstitute
lincolninstitute,manhattan
pacificinstitut,nrdc
ppicalifornia,urbaninstitute
atlanticcouncil,bakerinstitute
migrationpolicyinstitute,piie
lincolninstitute,taxfoundation
brookings,hudsoninstitute
constitutionproject,humanrightsfirst
bakerinstitute,fordhaminstitute
texaspublicpolicy,aclu
aspeninstitute,icrw
foundationforeconomiceducation,randcorporation
oregoncenter,brookings
belfercenter,wilsoncenter
usiran,fddorg
foreffectivegovorg,mercatus
centerforanewamericansecurity,councilonforeignrelations
fas,jamestownfoundation
foundationforeconomiceducation,nber
sevenpillars,brookings
pewresearch,cgdev
economicinnovationgroup,nber
hooverinstitution,navalanalysis
gatestoneinstitute,fddorg
cgdev,belfercenter
datainnovation,paulsoninstitute
project2049,eastwest
gmfus,catoinstitute
competitiveenterprise,kff
rtiinternational,pacificresearchinstitute
randcorporation,isisonline
cedboard,bipartisan
cipeus,resourcegovernance
ifpri,worldresourcesinstitute
cedboard,brookings
ips,iwpr
knightfoundation,urbaninstitute
opensocietyfoundations,centerforanewamericansecurity
c2es,heritagefoundation
democracycollaborative,brookings
c4ads,isisonline
wilsoncenter,randcorporation
jamestownfoundation,heritagefoundation
brookings,g30
aspeninstitute,knightfoundation
centeronbudgetandpolicypriorities,migrationpolicyinstitute
dronecenter,randcorporation
hudsoninstitute,pewresearch
defenseanalysis,project2049
randcorporation,upjohninstitute
educationcommission,nber
pacificresearchinstitute,southernpoverty
centerforamericanprogress,migrationpolicyinstitute
centerforimmigrationstudies,kff
taxfoundation,piie
competitiveenterprise,cargroup
publicservice,csis
carnegieendowment,hemisphericaffairs
belfercenter,fpri
independentinstitute,lexingtoninstitute
fhithreesixty,opensocietyfoundations
cieltweets,bipartisan
rstreet,mitrecorporation
acton,brookings
aspeninstitute,opportunityinstitute
massinc,urbaninstitute
heritagefoundation,nationalbureauasianresearch
centuryfoundation,usip
councilonforeignrelations,brookings
opensocietyfoundations,ifpri
americanactionforum,aarpus
worldresourcesinstitute,catoinstitute
urbaninstitute,pacificresearchinstitute
showmeinstitute,randcorporation
centerforinternationaldevelopment,lincolninstitute
thirdway,guttmacher
bipartisan,centuryfoundation
urbaninstitute,iteporg
economicpolicyinstitute,nber
newamerica,urbaninstitute
civilrightsorg,centuryfoundation
civilrightsorg,randcorporation
middleeastinstitute,heritagefoundation
heritagefoundation,bipartisan
foundationforeconomiceducation,atlanticcouncil
randcorporation,brookings
nber,mercatus
reasonfoundation,bakerinstitute
centerforamericanprogress,iwpr
stimsoncenter,oceana
opensocietyfoundations,ndiorg
pewresearch,ppicalifornia
nationalbureauasianresearch,americanenterpriseinstitute
secureworldfoundation,jamestownfoundation
southernpoverty,nber
manhattan,lincolninstitute
accenture,pewresearch
carnegieendowment,pewresearch
mercatus,cgdev
heartlandinstitute,fordhaminstitute
humanrightswatch,fhithreesixty
csba,humanrightswatch
educationcommission,centuryfoundation
aclu,rtiinternational
courtinnovation,pewresearch
project2049,fas
centerforimmigrationstudies,brookings
urbaninstitute,educationcommission
economicpolicyinstitute,aarpus
piie,wilsoncenter
urbaninstitute,freedomandprosperity
constitutionproject,opensocietyfoundations
wilsoncenter,cargroup
ipinst,councilonforeignrelations
americanenterpriseinstitute,jamestownfoundation
citizenorg,foundationforeconomiceducation
accessnow,brookings
arcticinstitute,brookings
mercycorps,humanrightswatch
ppicalifornia,nrdc
reasonfoundation,centeronbudgetandpolicypriorities
upjohninstitute,aspeninstitute
datasociety,accessnow
centeronbudgetandpolicypriorities,aspeninstitute
navalanalysis,centerforamericanprogress
showmeinstitute,taxfoundation
urbaninstitute,atlanticcouncil
claspdc,pewresearch
nelpnews,southernpoverty
showmeinstitute,americanenterpriseinstitute
oregoncenter,urbaninstitute
fas,economicpolicyinstitute
nrdc,oceana
atlanticcouncil,freedomandprosperity
foundationforeconomiceducation,fordhaminstitute
equitablegrowth,newamerica
demosusa,ifpri
fddorg,bakerinstitute
foundationforeconomiceducation,taxfoundation
defenseanalysis,humanrightswatch
oregoncenter,randcorporation
atlanticcouncil,lincolninstitute
alec,foundationforeconomiceducation
newamerica,centeronbudgetandpolicypriorities
courtinnovation,brookings
atlanticcouncil,nationalbureauasianresearch
belfercenter,csis
urbaninstitute,migrationpolicyinstitute
equitablegrowth,ips
claspdc,economicpolicyinstitute
usip,gatestoneinstitute
policymattersohio,kff
stimsoncenter,nationalendowmentdemocracy
icrw,brookings
sevenpillars,reasonfoundation
humanrightswatch,jamestownfoundation
jamestownfoundation,csis
bakerinstitute,carnegieendowment
bfna,csis
piie,taxfoundation
aspeninstitute,newamerica
urbaninstitute,alec
cgdev,wilsoncenter
iwpr,c2es
gmfus,belfercenter
americanenterpriseinstitute,chicagocouncil
defenseanalysis,belfercenter
nber,centerforimmigrationstudies
newamerica,centuryfoundation
populationresearchinstitute,centeronbudgetandpolicypriorities
lexingtoninstitute,reasonfoundation
cisac,fpri
carnegieendowment,mitrecorporation
randcorporation,washingtoninstitute
belfercenter,fas
pacificresearchinstitute,pewresearch
americanenterpriseinstitute,cgdev
urbaninstitute,ppiusa
americanenterpriseinstitute,fpri
councilonforeignrelations,ifpri
friendsoftheearthus,nrdc
beaconhill,catoinstitute
centeronbudgetandpolicypriorities,rooseveltinstitute
pacificresearchinstitute,councilonforeignrelations
democracycollaborative,centeronbudgetandpolicypriorities
rooseveltinstitute,heritagefoundation
randcorporation,cepa
councilonforeignrelations,washingtoninstitute
cgdev,centerforamericanprogress
alec,randcorporation
berkleycenter,brookings
upturnorg,aclu
taxpolicycenter,niskanen
centerforamericanprogress,gmfus
centerforamericanprogress,environmentaldefensefund
jamestownfoundation,pewresearch
carnegieendowment,newamerica
rooseveltinstitute,southernpoverty
taxfoundation,aspeninstitute
mackinac,texaspublicpolicy
cepa,randcorporation
heartlandinstitute,manhattan
okpolicy,pewresearch
taxpolicycenter,aarpus
newamerica,bipartisan
cgdev,csis
mercatus,centerforinternationaldevelopment
centeronbudgetandpolicypriorities,texaspublicpolicy
claspdc,iwpr
chicagocouncil,manhattan
milkeninstitute,kff
pacificresearchinstitute,c2es
competitiveenterprise,heritagefoundation
atlanticcouncil,arcticinstitute
hudsoninstitute,c4ads
datainnovation,csis
chicagocouncil,csba
showmeinstitute,brookings
alec,brookings
civilrightsorg,brookings
acton,alec
randcorporation,mackinac
aspeninstitute,pewresearch
reasonfoundation,lincolninstitute
heritagefoundation,guttmacher
iwpr,brookings
thirdway,nrdc
bfna,brookings
cedboard,catoinstitute
hooverinstitution,pacificresearchinstitute
heritagefoundation,navalanalysis
newamerica,project2049
publicservice,centeronbudgetandpolicypriorities
brookings,economicinnovationgroup
neweconomicthinking,brookings
heritagefoundation,pacificresearchinstitute
nelpnews,aclu
nelpnews,ips
thirdway,centerforamericanprogress
acton,americanactionforum
newteachercenter,nber
eiausa,opensocietyfoundations
iwpr,guttmacher
taxfoundation,heritagefoundation
peoplefor,catoinstitute
americanenterpriseinstitute,niskanen
fpri,bipartisan
civilrightsorg,heritagefoundation
centerforamericanprogress,aspeninstitute
fpri,csis
usiran,humanrightswatch
carnegieendowment,asiasocietypolicy
oregoncenter,bipartisan
americanenterpriseinstitute,csis
asiafoundation,worldresourcesinstitute
neweconomicthinking,centuryfoundation
worldresourcesinstitute,economicpolicyinstitute
fddorg,middleeastinstitute
buckeyeinstitute,fordhaminstitute
gmfus,upjohninstitute
cieltweets,wedo
randcorporation,worldresourcesinstitute
atlasnetwork,catoinstitute
southernpoverty,datasociety
brookings,ppicalifornia
americanenterpriseinstitute,gmfus
aspeninstitute,migrationpolicyinstitute
heritagefoundation,mercatus
bakerinstitute,randcorporation
councilonforeignrelations,rstreet
heartlandinstitute,pacificresearchinstitute
americanenterpriseinstitute,usip
centerforinternationaldevelopment,migrationpolicyinstitute
pewresearch,internetsociety
wilsoncenter,humanrightswatch
catoinstitute,pewresearch
fordhaminstitute,centeronbudgetandpolicypriorities
independenceinstitute,americanenterpriseinstitute
pioneerinstitute,urbaninstitute
pacificresearchinstitute,heritagefoundation
guttmacher,aclu
bipartisan,kff
migrationpolicyinstitute,humanrightswatch
councilonforeignrelations,humanrightswatch
nrdc,rockymountaininstitute
bipartisan,nber
americanactionforum,freedomandprosperity
centerforanewamericansecurity,middleeastinstitute
newamerica,knightfoundation
guttmacher,icrw
rooseveltinstitute,piie
c2es,americanactionforum
heritagefoundation,cedboard
urbaninstitute,opportunityinstitute
belfercenter,bipartisan
worldresourcesinstitute,bostonconsultinggroup
americansforthearts,pewresearch
americanenterpriseinstitute,alec
urbaninstitute,reasonfoundation
bipartisan,catoinstitute
belfercenter,ifpri
heritagefoundation,rstreet
randcorporation,alleghenyinstitute
pacificinstitut,pioneerinstitute
studyofwar,washingtoninstitute
kff,heritagefoundation
mackinac,nber
mitrecorporation,climatesecurity
gmfus,humanrightsfirst
wallacefoundation,fordhaminstitute
worldresourcesinstitute,aspeninstitute
catoinstitute,eastwest
gmfus,nationalbureauasianresearch
americanenterpriseinstitute,lexingtoninstitute
worldresourcesinstitute,environmentaldefensefund
nber,belfercenter
nrdc,csis
fairus,centerforamericanprogress
massinc,aarpus
newamerica,paulsoninstitute
newamerica,studyofwar
resourcesforthefuture,pioneerinstitute
ipinst,csis
councilonforeignrelations,centerforanewamericansecurity
pioneerinstitute,newamerica
worldresourcesinstitute,mercatus
gmfus,resourcesforthefuture
urbaninstitute,humanrightswatch
rockymountaininstitute,c2es
humanrightsfirst,carnegieendowment
ifpri,cgdev
knightfoundation,upturnorg
secureworldfoundation,middleeastinstitute
cgdev,centerforanewamericansecurity
thedialogue,atlanticcouncil
datainnovation,americanenterpriseinstitute
economicpolicyinstitute,brookings
cepa,heritagefoundation
manhattan,centerforimmigrationstudies
claspdc,centuryfoundation
ppiusa,csis
knightfoundation,brookings
pacificresearchinstitute,aarpus
thinkcds,economicpolicyinstitute
rooseveltinstitute,hooverinstitution
lowninstitute,centeronbudgetandpolicypriorities
brookings,urbaninstitute
texaspublicpolicy,mitrecorporation
rockymountaininstitute,nrdc
catoinstitute,citizenorg
sri,randcorporation
taxfoundation,pacificresearchinstitute
fhithreesixty,brookings
pioneerinstitute,massinc
brookings,economicpolicyinstitute
opensocietyfoundations,studyofwar
centeronbudgetandpolicypriorities,cgdev
heartlandinstitute,aclu
nasbe,fordhaminstitute
mercatus,jamesmadison
citizenorg,alec
urbaninstitute,neweconomicthinking
washingtoninstitute,studyofwar
solidaritycenter,humanrightswatch
fas,brookings
migrationpolicyinstitute,aclu
manhattan,bostonconsultinggroup
acton,kff
eliorg,eiausa
hooverinstitution,taxfoundation
populationresearchinstitute,guttmacher
tellusinstitute,resourcesforthefuture
manhattan,ppiusa
civilrightsorg,rtiinternational
ppicalifornia,catoinstitute
potomacinstitute,brookings
humanrightsfirst,councilonforeignrelations
centerforamericanprogress,freedomandprosperity
migrationpolicyinstitute,aspeninstitute
resourcesforthefuture,urbaninstitute
nber,brookings
centerforanewamericansecurity,economicpolicyinstitute
nationalbureauasianresearch,humanrightswatch
ifpri,nber
brookings,manhattan
ierusa,urbaninstitute
hudsoninstitute,lexingtoninstitute
rooseveltinstitute,aspeninstitute
ndiorg,csis
fpri,atlanticcouncil
okpolicy,pacificresearchinstitute
mercatus,randcorporation
thirdway,citizenorg
americanenterpriseinstitute,pacificresearchinstitute
centerforamericanprogress,upjohninstitute
brookings,icrw
ndiorg,pewresearch
internationalpolicyorg,usip
heritagefoundation,educationcommission
equitablegrowth,urbaninstitute
brookings,environmentaldefensefund
bostonconsultinggroup,resourcesforthefuture
courtinnovation,constitutionproject
migrationpolicyinstitute,kff
brookings,ifpri
atlanticcouncil,washingtoninstitute
brookings,neweconomicthinking
cieltweets,navalanalysis
centerforamericanprogress,mercatus
csba,usip
wilsoncenter,climatesecurity
foundationforeconomiceducation,ppicalifornia
manhattan,catoinstitute
nber,hooverinstitution
ipinst,stimsoncenter
ipinst,bostonconsultinggroup
washingtoninstitute,isisonline
urbaninstitute,sri
alec,heartlandinstitute
wilsoncenter,nationalbureauasianresearch
centerforamericanprogress,nationalendowmentdemocracy
csis,berkleycenter
centerforamericanprogress,csba
resourcesforthefuture,csis
gmfus,carnegieendowment
alec,hudsoninstitute
heritagefoundation,atlanticcouncil
fas,centerforanewamericansecurity
fddorg,heritagefoundation
americanenterpriseinstitute,brookings
randcorporation,courtinnovation
carnegieendowment,c2es
cgdev,freedomandprosperity
catoinstitute,gatestoneinstitute
taxpolicycenter,nber
cftni,brookings
mercatus,ifpri
fpri,centuryfoundation
belfercenter,gmfus
gmfus,councilonforeignrelations
pioneerinstitute,reasonfoundation
atlanticcouncil,resourcegovernance
acton,competitiveenterprise
upturnorg,centuryfoundation
taxpolicycenter,mercatus
internationalpolicyorg,middleeastinstitute
urbaninstitute,gmfus
educationcommission,economicpolicyinstitute
atlanticcouncil,thirdway
heritagefoundation,nber
randcorporation,independentinstitute
cgdev,gmfus
educationcommission,urbaninstitute
heritagefoundation,hooverinstitution
datainnovation,rtiinternational
jinsa,fpri
migrationpolicyinstitute,csis
constitutionproject,brookings
centerforamericanprogress,isisonline
pewresearch,asiafoundation
aspeninstitute,economicpolicyinstitute
fddorg,catoinstitute
ppicalifornia,nber
lincolninstitute,pewresearch
climatesecurity,randcorporation
randcorporation,pioneerinstitute
misesinstitute,americanenterpriseinstitute
csis,centuryfoundation
carnegieendowment,publicservice
icrw,centeronbudgetandpolicypriorities
bakerinstitute,humanrightsfirst
aclu,newamerica
brookings,fddorg
aclu,nber
catoinstitute,economicpolicyinstitute
middleeastinstitute,hooverinstitution
belfercenter,centuryfoundation
gmfus,urbaninstitute
centerforamericanprogress,opportunityinstitute
ppiusa,urbaninstitute
randcorporation,middleeastinstitute
atlanticcouncil,cgdev
stimsoncenter,hooverinstitution
randcorporation,aspeninstitute
bostonconsultinggroup,nber
gatestoneinstitute,humanrightswatch
rooseveltinstitute,urbaninstitute
educationcommission,lincolninstitute
piie,randcorporation
americanenterpriseinstitute,washingtoninstitute
cgdev,pacificresearchinstitute
ierusa,nber
heritagefoundation,asiafoundation
rooseveltinstitute,equitablegrowth
pacificresearchinstitute,foundationforeconomiceducation
centerforamericanprogress,alec
randcorporation,asiafoundation
wilsoncenter,thedialogue
internationalpolicyorg,brookings
nber,aspeninstitute
migrationpolicyinstitute,pewresearch
opportunityinstitute,pacificresearchinstitute
fhithreesixty,rooseveltinstitute
csis,c2es
piie,belfercenter
ipinst,atlanticcouncil
foundationforeconomiceducation,ips
competitiveenterprise,centerforimmigrationstudies
policymattersohio,upjohninstitute
urbaninstitute,randcorporation
centuryfoundation,centerforamericanprogress
mackinac,catoinstitute
ipinst,gmfus
americanactionforum,hooverinstitution
pioneerinstitute,mercatus
hudsoninstitute,americanenterpriseinstitute
pewresearch,atlanticcouncil
americanenterpriseinstitute,taxfoundation
councilonforeignrelations,piie
heartlandinstitute,mackinac
urbaninstitute,southernpoverty
defenseanalysis,niskanen
centeronbudgetandpolicypriorities,catoinstitute
texaspublicpolicy,buckeyeinstitute
defenseanalysis,publicservice
heritagefoundation,usip
atlanticcouncil,nber
aclu,iwpr
ifpri,piie
berkleycenter,bakerinstitute
taxfoundation,rooseveltinstitute
beacontn,atlasnetwork
bipartisan,hooverinstitution
defenseanalysis,csis
civilrightsorg,pewresearch
resourcegovernance,humanrightswatch
okpolicy,centuryfoundation
catoinstitute,brookings
constitutionproject,aclu
project2049,randcorporation
brookings,americanenterpriseinstitute
bipartisan,freedomandprosperity
usip,centerforanewamericansecurity
kff,bipartisan
middleeastinstitute,carnegieendowment
pioneerinstitute,independentinstitute
pewresearch,humanrightswatch
americanenterpriseinstitute,foundationforeconomiceducation
gatestoneinstitute,middleeastinstitute
mitrecorporation,navalanalysis
cieltweets,fpri
thirdway,brookings
fpri,councilonforeignrelations
bipartisan,bakerinstitute
project2049,csba
rockymountaininstitute,urbaninstitute
buckeyeinstitute,brookings
belfercenter,brookings
nrdc,kff
piie,ifpri
cftni,ifpri
nber,randcorporation
studyofwar,middleeastinstitute
mackinac,reasonfoundation
fas,councilonforeignrelations
belfercenter,jamestownfoundation
datainnovation,randcorporation
opensocietyfoundations,commonwealthfund
chicagocouncil,pacificresearchinstitute
cedboard,randcorporation
democracycollaborative,aspeninstitute
carnegieendowment,38north
texaspublicpolicy,mercatus
gmfus,csis
civilrightsorg,iwpr
atlanticcouncil,chicagocouncil
bipartisan,chicagocouncil
worldresourcesinstitute,nationalbureauasianresearch
defenseanalysis,newamerica
ips,csba
usip,brookings
eliorg,pacificresearchinstitute
neweconomicthinking,commonwealthfund
isisonline,38north
randcorporation,aarpus
humanrightswatch,usip
newamerica,niskanen
migrationpolicyinstitute,atlanticcouncil
competitiveenterprise,pacificresearchinstitute
centuryfoundation,commonwealthfund
manhattan,carnegieendowment
newamerica,washingtoninstitute
humanrightsfirst,bipartisan
aceee,nrdc
independenceinstitute,reasonfoundation
randcorporation,fordhaminstitute
alec,fddorg
pewresearch,economicpolicyinstitute
ppicalifornia,migrationpolicyinstitute
commonwealthfund,pacificresearchinstitute
pacificresearchinstitute,nrdc
csis,carnegieendowment
nationalbureauasianresearch,navalanalysis
atlanticcouncil,cargroup
eastwest,randcorporation
civilrightsorg,upturnorg
knightfoundation,piie
pacificinstitut,brookings
americanactionforum,fairus
paulsoninstitute,centerforamericanprogress
okpolicy,kff
thirdway,cgdev
rstreet,nber
centuryfoundation,belfercenter
urbaninstitute,aarpus
newamerica,pacificresearchinstitute
washingtoninstitute,middleeastinstitute
democracycollaborative,lincolninstitute
accenture,brookings
americanactionforum,pacificresearchinstitute
brookings,foundationforeconomiceducation
iwpr,randcorporation
centerforanewamericansecurity,fddorg
fddorg,brookings
urbaninstitute,publicservice
ips,iteporg
aspeninstitute,manhattan
centuryfoundation,fordhaminstitute
councilonforeignrelations,csis
piie,urbaninstitute
oakinstitute,brookings
ppicalifornia,educationcommission
washingtoninstitute,centerforanewamericansecurity
stimsoncenter,carnegieendowment
cgdev,randcorporation
resourcesforthefuture,nrdc
claspdc,nber
c4ads,humanrightswatch
randcorporation,eastwest
secureworldfoundation,38north
wallacefoundation,nber
brookings,arcticinstitute
potomacinstitute,gmfus
centeronbudgetandpolicypriorities,newamerica
rstreet,educationcommission
centerforamericanprogress,catoinstitute
datainnovation,brookings
nber,aarpus
nelpnews,bipartisan
hooverinstitution,carnegieendowment
neweconomicthinking,kff
hudsoninstitute,csba
catoinstitute,migrationpolicyinstitute
heritagefoundation,bakerinstitute
futureoflife,humanrightswatch
climatesecurity,gmfus
americanenterpriseinstitute,upjohninstitute
manhattan,atlanticcouncil
randcorporation,wilsoncenter
neweconomicthinking,nber
newamerica,jamestownfoundation
csba,pewresearch
eliorg,heritagefoundation
worldresourcesinstitute,csis
migrationpolicyinstitute,worldresourcesinstitute
migrationpolicyinstitute,centerforimmigrationstudies
councilonforeignrelations,middleeastinstitute
bipartisan,heritagefoundation
fairus,bipartisan
asiasocietypolicy,humanrightswatch
councilonforeignrelations,wilsoncenter
brookings,commonwealthfund
neweconomicthinking,urbaninstitute
rstreet,foundationforeconomiceducation
alec,c2es
texaspublicpolicy,americanactionforum
nber,icrw
centerforamericanprogress,rockymountaininstitute
demosusa,iwpr
newamerica,guttmacher
lincolninstitute,economicpolicyinstitute
fddorg,pewresearch
nrdc,worldresourcesinstitute
wedo,friendsoftheearthus
ips,columbiacenter
lexingtoninstitute,heritagefoundation
randcorporation,manhattan
atlanticcouncil,americanenterpriseinstitute
newamerica,commonwealthfund
taxfoundation,economicpolicyinstitute
rtiinternational,defenseanalysis
fddorg,hudsoninstitute
centerforinternationaldevelopment,hooverinstitution
fddorg,fpri
demosusa,ips
carnegieendowment,councilonforeignrelations
milkeninstitute,bostonconsultinggroup
oakinstitute,worldresourcesinstitute
csis,opensocietyfoundations
kff,okpolicy
catoinstitute,piie
heritagefoundation,aclu
fpri,aclu
csis,centerforimmigrationstudies
centuryfoundation,guttmacher
opensocietyfoundations,fordhaminstitute
belfercenter,chicagocouncil
rstreet,piie
secureworldfoundation,csis
gmfus,centerforanewamericansecurity
catoinstitute,nber
heritagefoundation,taxfoundation
usip,cgdev
nationalbureauasianresearch,jamestownfoundation
ips,cgdev
milkeninstitute,centerforamericanprogress
nadous,brookings
humanrightswatch,commonwealthfund
reasonfoundation,urbaninstitute
bipartisan,middleeastinstitute
jamestownfoundation,hudsoninstitute
hemisphericaffairs,centeronbudgetandpolicypriorities
chicagocouncil,brookings
rstreet,reasonfoundation
africacenter,carnegieendowment
councilonforeignrelations,cgdev
guttmacher,carnegieendowment
claspdc,urbaninstitute
centerforanewamericansecurity,washingtoninstitute
csis,project2049
manhattan,iwpr
studyofwar,brookings
brookings,newamerica
texaspublicpolicy,migrationpolicyinstitute
nationalendowmentdemocracy,datasociety
ppiusa,kff
navalanalysis,cgdev
csis,centerforanewamericansecurity
centerforamericanprogress,iteporg
iatporg,centerforamericanprogress
navalanalysis,councilonforeignrelations
foundationforeconomiceducation,alec
randcorporation,commonwealthfund
arcticinstitute,randcorporation
centerforamericanprogress,heritagefoundation
wallacefoundation,pewresearch
stimsoncenter,cgdev
rstreet,jointcenter
oregoncenter,thirdway
alec,texaspublicpolicy
cftni,climatesecurity
rtiinternational,carnegieendowment
catoinstitute,38north
randcorporation,lexingtoninstitute
urbaninstitute,pioneerinstitute
economicpolicyinstitute,upjohninstitute
pioneerinstitute,mackinac
fpri,cgdev
alec,jamestownfoundation
fas,centerforamericanprogress
csis,itdpus
newamerica,hewlett
carnegieendowment,heritagefoundation
cftni,randcorporation
stimsoncenter,thedialogue
jamestownfoundation,fas
aspeninstitute,chicagocouncil
nationalbureauasianresearch,heritagefoundation
brookings,cchpca
csis,asiafoundation
upjohninstitute,democracycollaborative
mercatus,americanenterpriseinstitute
americanenterpriseinstitute,ifpri
middleeastinstitute,humanrightswatch
councilonforeignrelations,asiafoundation
iwpr,catoinstitute
demosusa,economicpolicyinstitute
brookings,aclu
hooverinstitution,nrdc
centerforimmigrationstudies,randcorporation
mitrecorporation,randcorporation
bipartisan,eliorg
taxfoundation,thirdway
nber,catoinstitute
independenceinstitute,taxfoundation
hewlett,manhattan
pacificresearchinstitute,kff
atlanticcouncil,mitrecorporation
americanactionforum,urbaninstitute
oregoncenter,freedomandprosperity
ips,bipartisan
climatesecurity,navalanalysis
atlanticcouncil,accenture
massinc,pioneerinstitute
columbiacenter,opensocietyfoundations
navalanalysis,usip
demosusa,aclu
pioneerinstitute,fordhaminstitute
commonwealthfund,pewresearch
brookings,dronecenter
heartlandinstitute,commonwealthfund
usip,asiafoundation
rtiinternational,csis
randcorporation,navalanalysis
iteporg,brookings
centuryfoundation,heritagefoundation
centerforanewamericansecurity,dronecenter
newamerica,ppicalifornia
defenseanalysis,studyofwar
competitiveenterprise,freedomandprosperity
wilsoncenter,hooverinstitution
hewlett,brookings
brookings,ppiusa
fddorg,38north
opensocietyfoundations,councilonforeignrelations
datainnovation,hooverinstitution
oceana,nrdc
mitrecorporation,taxpolicycenter
rstreet,urbaninstitute
nber,nrdc
carnegiecouncil,atlanticcouncil
foundationforeconomiceducation,cargroup
csis,aclu
gmfus,hudsoninstitute
belfercenter,councilonforeignrelations
councilonforeignrelations,newamerica
aspeninstitute,ppicalifornia
guttmacher,centeronbudgetandpolicypriorities
centerforamericanprogress,hooverinstitution
americanactionforum,mercatus
americanenterpriseinstitute,carnegieendowment
competitiveenterprise,centeronbudgetandpolicypriorities
hooverinstitution,csba
asiasocietypolicy,lexingtoninstitute
fordhaminstitute,americanenterpriseinstitute
mercatus,columbiacenter
oakinstitute,freedomandprosperity
mercatus,newamerica
worldresourcesinstitute,niskanen
urbaninstitute,taxpolicycenter
centerforamericanprogress,carnegieendowment
kff,csis
rstreet,americanactionforum
aclu,economicpolicyinstitute
jamesmadison,alec
catoinstitute,niskanen
nasorg,heritagefoundation
piie,csis
civilrightsorg,newamerica
navalanalysis,nationalendowmentdemocracy
bipartisan,cargroup
foundationforeconomiceducation,educationcommission
mackinac,taxfoundation
councilonforeignrelations,usip
urbaninstitute,opensocietyfoundations
thirdway,economicpolicyinstitute
manhattan,economicinnovationgroup
rockymountaininstitute,manhattan
eliorg,rockymountaininstitute
texaspublicpolicy,rtiinternational
catoinstitute,usip
economicpolicyinstitute,iteporg
foundationforeconomiceducation,aclu
heritagefoundation,demosusa
resourcegovernance,asiafoundation
gatestoneinstitute,catoinstitute
worldresourcesinstitute,c2es
heartlandinstitute,beacontn
thirdway,centerforanewamericansecurity
asiasocietypolicy,cgdev
fddorg,usip
pioneerinstitute,nber
paulsoninstitute,chicagocouncil
americanenterpriseinstitute,piie
aclu,acton
taxpolicycenter,ppicalifornia
economicpolicyinstitute,nelpnews
beacontn,foundationforeconomiceducation
middleeastinstitute,opensocietyfoundations
discoveryinstitute,brookings
mackinac,pioneerinstitute
thedialogue,opensocietyfoundations
ifpri,kff
texaspublicpolicy,bakerinstitute
beaconhill,heritagefoundation
catoinstitute,randcorporation
aarpus,kff
pacificinstitut,ifpri
foundationforeconomiceducation,niskanen
jamestownfoundation,project2049
resourcesforthefuture,gmfus
texaspublicpolicy,manhattan
cgrreports,centerforamericanprogress
upjohninstitute,kff
centerforamericanprogress,potomacinstitute
brookings,councilonforeignrelations
centerforamericanprogress,ips
atlanticcouncil,csba
hooverinstitution,atlanticcouncil
nationalendowmentdemocracy,brookings
fhithreesixty,iwpr
paulsoninstitute,nber
fpri,cepa
icainstitute,brookings
foundationforeconomiceducation,centerforimmigrationstudies
wilsoncenter,centerforinternationaldevelopment
centuryfoundation,bipartisan
brookings,thedialogue
pewresearch,chicagocouncil
ipinst,usip
fairus,economicpolicyinstitute
centuryfoundation,newamerica
worldresourcesinstitute,taxfoundation
centeronbudgetandpolicypriorities,knightfoundation
buckeyeinstitute,ierusa
atlanticcouncil,randcorporation
randcorporation,jamestownfoundation
nber,bipartisan
centerforamericanprogress,lincolninstitute
fddorg,secureworldfoundation
educationcommission,centerforamericanprogress
eliorg,brookings
worldresourcesinstitute,thirdway
courtinnovation,iwpr
jamestownfoundation,atlanticcouncil
carnegieendowment,fas
aspeninstitute,centerforamericanprogress
arcticinstitute,centerforamericanprogress
taxpolicycenter,brookings
ndiorg,urbaninstitute
heritagefoundation,opensocietyfoundations
centerforamericanprogress,nrdc
beacontn,heritagefoundation
lexingtoninstitute,bipartisan
datasociety,rooseveltinstitute
fpri,usip
ifpri,centerforinternationaldevelopment
hooverinstitution,csis
mercatus,texaspublicpolicy
cftni,navalanalysis
heartlandinstitute,ierusa
cftni,hooverinstitution
fordhaminstitute,pioneerinstitute
upjohninstitute,rooseveltinstitute
grupocne,centeronbudgetandpolicypriorities
csba,bakerinstitute
asiafoundation,randcorporation
taxpolicycenter,bipartisan
cgdev,aclu
gmfus,bipartisan
usip,washingtoninstitute
heritagefoundation,manhattan
aarpus,ips
cisac,bipartisan
mercatus,centerforamericanprogress
nationalbureauasianresearch,wilsoncenter
wilsoncenter,cgdev
centerforanewamericansecurity,americanenterpriseinstitute
asiafoundation,centerforinternationaldevelopment
nationalendowmentdemocracy,knightfoundation
randcorporation,internationalpolicyorg
asiafoundation,navalanalysis
independentinstitute,fordhaminstitute
worldresourcesinstitute,itdpus
climatesecurity,atlanticcouncil
lincolninstitute,fordhaminstitute
brookings,mitrecorporation
tellusinstitute,cgdev
ipinst,humanrightswatch
economicpolicyinstitute,centerforamericanprogress
councilonforeignrelations,centuryfoundation
washingtoninstitute,hudsoninstitute
atlanticcouncil,hooverinstitution
massinc,economicpolicyinstitute
misesinstitute,manhattan